﻿<?xml version="1.0" encoding="utf-8"?>
<rulebase product-version="10.4.7.86" region="en-IN">
  <entity text="Global" name="global" singleton="true">
    <attribute name="snow_condition_satisfied" type="Boolean" />
    <attribute name="overcast_condition_satisfied" type="Boolean" />
    <attribute name="current_temperature" type="Number" />
    <attribute name="rain_today" type="Boolean" />
    <attribute name="dark_clouds_satisfied" type="Boolean" />
    <attribute name="ENGINE_LINE" type="Text" />
    <attribute name="b5@Properties_Properties_xsrc" type="Boolean" />
  </entity>
  <entity text="the license" name="License" singleton="false" identifying-attribute-name="license_name">
    <attribute name="license_name" type="Text" />
  </entity>
  <entity text="the services" name="services" singleton="false" identifying-attribute-name="service_name">
    <attribute name="service_name" type="Text" />
  </entity>
  <entity text="the technical data" name="technical_data" singleton="false" identifying-attribute-name="the_techincal_data_name">
    <attribute name="the_techincal_data_name" type="Text" />
  </entity>
  <relationship relationship-id="license_relationship" relationship-text="the license for engine line" reverse-relationship-id="global_licenseforengineline_rev" source="global" target="License" type="OneToMany" is-containment="true" />
  <relationship relationship-id="service_under_license" relationship-text="the service under license" reverse-relationship-id="license_serviceunderlicense_rev" source="License" target="services" type="OneToMany" is-containment="true" />
  <relationship relationship-id="technical_data_under_license" relationship-text="the technical data under license" reverse-relationship-id="license_technicaldataunderlicense_rev" source="License" target="technical_data" type="OneToMany" is-containment="true" />
  <rules module="OpaTest:62D1C8D0EA91A175F6640A8E95FEB15FE28C514B733458686EC6235AB33177C9">
    <conclude attr-id="snow_condition_satisfied" entity-id="global" scope-id="global0">
      <value>
        <marker id="Rules_NewWordDocument_doc/0/1" condition="false">
          <true-value />
        </marker>
      </value>
      <condition>
        <and>
          <marker id="Rules_NewWordDocument_doc/0/2">
            <less-than-equals>
              <attribute attr-id="current_temperature" />
              <number-value>0</number-value>
            </less-than-equals>
          </marker>
          <marker id="Rules_NewWordDocument_doc/0/3">
            <attribute attr-id="overcast_condition_satisfied" />
          </marker>
        </and>
      </condition>
      <otherwise>
        <marker id="Rules_NewWordDocument_doc/0/4" condition="false">
          <false-value />
        </marker>
      </otherwise>
    </conclude>
    <conclude attr-id="rain_today" entity-id="global" scope-id="global0">
      <value>
        <marker id="Rules_NewWordDocument_doc/1/1" condition="false">
          <true-value />
        </marker>
      </value>
      <condition>
        <and>
          <marker id="Rules_NewWordDocument_doc/1/2">
            <not>
              <attribute attr-id="snow_condition_satisfied" />
            </not>
          </marker>
          <marker id="Rules_NewWordDocument_doc/1/3">
            <attribute attr-id="dark_clouds_satisfied" />
          </marker>
        </and>
      </condition>
      <otherwise>
        <marker id="Rules_NewWordDocument_doc/1/4" condition="false">
          <false-value />
        </marker>
      </otherwise>
    </conclude>
    <table-conclude-instance relationship-id="license_relationship" source="global" source-scope-id="global0">
      <row>
        <identity>
          <marker id="Rules_D1049248_doc/0/1" condition="false">
            <string-value>D1049248</string-value>
          </marker>
        </identity>
        <condition>
          <marker id="Rules_D1049248_doc/0/2">
            <attribute attr-id="b5@Properties_Properties_xsrc" />
          </marker>
        </condition>
      </row>
    </table-conclude-instance>
    <table-conclude-instance relationship-id="service_under_license" source="License" source-scope-id="license0">
      <row>
        <identity>
          <marker id="Rules_D1049248_doc/1/1" condition="false">
            <string-value>Design the Geometry of the Parts</string-value>
          </marker>
        </identity>
        <condition>
          <marker id="Rules_D1049248_doc/1/2">
            <scope-for scope-ref="global0" target-entity-id="global">
              <attribute attr-id="b5@Properties_Properties_xsrc" />
            </scope-for>
          </marker>
        </condition>
      </row>
      <row>
        <identity>
          <marker id="Rules_D1049248_doc/1/3" condition="false">
            <string-value>Design the Geometry of the Parts</string-value>
          </marker>
        </identity>
        <condition>
          <marker id="Rules_D1049248_doc/1/4">
            <scope-for scope-ref="global0" target-entity-id="global">
              <attribute attr-id="b5@Properties_Properties_xsrc" />
            </scope-for>
          </marker>
        </condition>
      </row>
      <row>
        <identity>
          <marker id="Rules_D1049248_doc/1/5" condition="false">
            <string-value>Mechanical Analysis - Stress Analysis</string-value>
          </marker>
        </identity>
        <condition>
          <marker id="Rules_D1049248_doc/1/6">
            <scope-for scope-ref="global0" target-entity-id="global">
              <attribute attr-id="b5@Properties_Properties_xsrc" />
            </scope-for>
          </marker>
        </condition>
      </row>
      <row>
        <identity>
          <marker id="Rules_D1049248_doc/1/7" condition="false">
            <string-value>Perform Heat Transfer and Secondary Flow Analysis</string-value>
          </marker>
        </identity>
        <condition>
          <marker id="Rules_D1049248_doc/1/8">
            <scope-for scope-ref="global0" target-entity-id="global">
              <attribute attr-id="b5@Properties_Properties_xsrc" />
            </scope-for>
          </marker>
        </condition>
      </row>
      <row>
        <identity>
          <marker id="Rules_D1049248_doc/1/9" condition="false">
            <string-value>Determine Operating Clearance with Adjoining Hardware</string-value>
          </marker>
        </identity>
        <condition>
          <marker id="Rules_D1049248_doc/1/10">
            <scope-for scope-ref="global0" target-entity-id="global">
              <attribute attr-id="b5@Properties_Properties_xsrc" />
            </scope-for>
          </marker>
        </condition>
      </row>
      <row>
        <identity>
          <marker id="Rules_D1049248_doc/1/11" condition="false">
            <string-value>Failure Analysis</string-value>
          </marker>
        </identity>
        <condition>
          <marker id="Rules_D1049248_doc/1/12">
            <scope-for scope-ref="global0" target-entity-id="global">
              <attribute attr-id="b5@Properties_Properties_xsrc" />
            </scope-for>
          </marker>
        </condition>
      </row>
      <row>
        <identity>
          <marker id="Rules_D1049248_doc/1/13" condition="false">
            <string-value>Mechanical Analysis - Dynamics and Structural System Analysis</string-value>
          </marker>
        </identity>
        <condition>
          <marker id="Rules_D1049248_doc/1/14">
            <scope-for scope-ref="global0" target-entity-id="global">
              <attribute attr-id="b5@Properties_Properties_xsrc" />
            </scope-for>
          </marker>
        </condition>
      </row>
    </table-conclude-instance>
    <table-conclude-instance relationship-id="technical_data_under_license" source="License" source-scope-id="license0">
      <row>
        <identity>
          <marker id="Rules_D1049248_doc/2/1" condition="false">
            <string-value>Engineering Analysis Initial Conditions and Parameters</string-value>
          </marker>
        </identity>
        <condition>
          <marker id="Rules_D1049248_doc/2/2">
            <scope-for scope-ref="global0" target-entity-id="global">
              <attribute attr-id="b5@Properties_Properties_xsrc" />
            </scope-for>
          </marker>
        </condition>
      </row>
      <row>
        <identity>
          <marker id="Rules_D1049248_doc/2/3" condition="false">
            <string-value>Development Change in Design (DCID) and Change in Design (CID)</string-value>
          </marker>
        </identity>
        <condition>
          <marker id="Rules_D1049248_doc/2/4">
            <scope-for scope-ref="global0" target-entity-id="global">
              <attribute attr-id="b5@Properties_Properties_xsrc" />
            </scope-for>
          </marker>
        </condition>
      </row>
      <row>
        <identity>
          <marker id="Rules_D1049248_doc/2/5" condition="false">
            <string-value>Analysis Boundary Conditions</string-value>
          </marker>
        </identity>
        <condition>
          <marker id="Rules_D1049248_doc/2/6">
            <scope-for scope-ref="global0" target-entity-id="global">
              <attribute attr-id="b5@Properties_Properties_xsrc" />
            </scope-for>
          </marker>
        </condition>
      </row>
      <row>
        <identity>
          <marker id="Rules_D1049248_doc/2/7" condition="false">
            <string-value>Structural Analysis Models and Results</string-value>
          </marker>
        </identity>
        <condition>
          <marker id="Rules_D1049248_doc/2/8">
            <scope-for scope-ref="global0" target-entity-id="global">
              <attribute attr-id="b5@Properties_Properties_xsrc" />
            </scope-for>
          </marker>
        </condition>
      </row>
      <row>
        <identity>
          <marker id="Rules_D1049248_doc/2/9" condition="false">
            <string-value>Heat Transfer and Secondary Flow Models</string-value>
          </marker>
        </identity>
        <condition>
          <marker id="Rules_D1049248_doc/2/10">
            <scope-for scope-ref="global0" target-entity-id="global">
              <attribute attr-id="b5@Properties_Properties_xsrc" />
            </scope-for>
          </marker>
        </condition>
      </row>
      <row>
        <identity>
          <marker id="Rules_D1049248_doc/2/11" condition="false">
            <string-value>2 and 3 Dimensional Geometrical Models</string-value>
          </marker>
        </identity>
        <condition>
          <marker id="Rules_D1049248_doc/2/12">
            <scope-for scope-ref="global0" target-entity-id="global">
              <attribute attr-id="b5@Properties_Properties_xsrc" />
            </scope-for>
          </marker>
        </condition>
      </row>
      <row>
        <identity>
          <marker id="Rules_D1049248_doc/2/13" condition="false">
            <string-value>Aerodynamic Model Results</string-value>
          </marker>
        </identity>
        <condition>
          <marker id="Rules_D1049248_doc/2/14">
            <scope-for scope-ref="global0" target-entity-id="global">
              <attribute attr-id="b5@Properties_Properties_xsrc" />
            </scope-for>
          </marker>
        </condition>
      </row>
      <row>
        <identity>
          <marker id="Rules_D1049248_doc/2/15" condition="false">
            <string-value>Material Review Board (MRB) Non-Conforming Hardware Support Documentation</string-value>
          </marker>
        </identity>
        <condition>
          <marker id="Rules_D1049248_doc/2/16">
            <scope-for scope-ref="global0" target-entity-id="global">
              <attribute attr-id="b5@Properties_Properties_xsrc" />
            </scope-for>
          </marker>
        </condition>
      </row>
      <row>
        <identity>
          <marker id="Rules_D1049248_doc/2/17" condition="false">
            <string-value>Engineering Drawings and Assembly Drawings</string-value>
          </marker>
        </identity>
        <condition>
          <marker id="Rules_D1049248_doc/2/18">
            <scope-for scope-ref="global0" target-entity-id="global">
              <attribute attr-id="b5@Properties_Properties_xsrc" />
            </scope-for>
          </marker>
        </condition>
      </row>
      <row>
        <identity>
          <marker id="Rules_D1049248_doc/2/19" condition="false">
            <string-value>Development Problem Reports</string-value>
          </marker>
        </identity>
        <condition>
          <marker id="Rules_D1049248_doc/2/20">
            <scope-for scope-ref="global0" target-entity-id="global">
              <attribute attr-id="b5@Properties_Properties_xsrc" />
            </scope-for>
          </marker>
        </condition>
      </row>
      <row>
        <identity>
          <marker id="Rules_D1049248_doc/2/21" condition="false">
            <string-value>Process Specifications</string-value>
          </marker>
        </identity>
        <condition>
          <marker id="Rules_D1049248_doc/2/22">
            <scope-for scope-ref="global0" target-entity-id="global">
              <attribute attr-id="b5@Properties_Properties_xsrc" />
            </scope-for>
          </marker>
        </condition>
      </row>
      <row>
        <identity>
          <marker id="Rules_D1049248_doc/2/23" condition="false">
            <string-value>Part Specifications</string-value>
          </marker>
        </identity>
        <condition>
          <marker id="Rules_D1049248_doc/2/24">
            <scope-for scope-ref="global0" target-entity-id="global">
              <attribute attr-id="b5@Properties_Properties_xsrc" />
            </scope-for>
          </marker>
        </condition>
      </row>
      <row>
        <identity>
          <marker id="Rules_D1049248_doc/2/25" condition="false">
            <string-value>Engine Test Data</string-value>
          </marker>
        </identity>
        <condition>
          <marker id="Rules_D1049248_doc/2/26">
            <scope-for scope-ref="global0" target-entity-id="global">
              <attribute attr-id="b5@Properties_Properties_xsrc" />
            </scope-for>
          </marker>
        </condition>
      </row>
      <row>
        <identity>
          <marker id="Rules_D1049248_doc/2/27" condition="false">
            <string-value>Engine Analytical Predictions</string-value>
          </marker>
        </identity>
        <condition>
          <marker id="Rules_D1049248_doc/2/28">
            <scope-for scope-ref="global0" target-entity-id="global">
              <attribute attr-id="b5@Properties_Properties_xsrc" />
            </scope-for>
          </marker>
        </condition>
      </row>
      <row>
        <identity>
          <marker id="Rules_D1049248_doc/2/29" condition="false">
            <string-value>Visual Aid Photographs</string-value>
          </marker>
        </identity>
        <condition>
          <marker id="Rules_D1049248_doc/2/30">
            <scope-for scope-ref="global0" target-entity-id="global">
              <attribute attr-id="b5@Properties_Properties_xsrc" />
            </scope-for>
          </marker>
        </condition>
      </row>
      <row>
        <identity>
          <marker id="Rules_D1049248_doc/2/31" condition="false">
            <string-value>Manufacturing Quality Data</string-value>
          </marker>
        </identity>
        <condition>
          <marker id="Rules_D1049248_doc/2/32">
            <scope-for scope-ref="global0" target-entity-id="global">
              <attribute attr-id="b5@Properties_Properties_xsrc" />
            </scope-for>
          </marker>
        </condition>
      </row>
      <row>
        <identity>
          <marker id="Rules_D1049248_doc/2/33" condition="false">
            <string-value>Manufacturing Routing and Job Sheets</string-value>
          </marker>
        </identity>
        <condition>
          <marker id="Rules_D1049248_doc/2/34">
            <scope-for scope-ref="global0" target-entity-id="global">
              <attribute attr-id="b5@Properties_Properties_xsrc" />
            </scope-for>
          </marker>
        </condition>
      </row>
      <row>
        <identity>
          <marker id="Rules_D1049248_doc/2/35" condition="false">
            <string-value>Manufacturing Process Specifications and Capability Data</string-value>
          </marker>
        </identity>
        <condition>
          <marker id="Rules_D1049248_doc/2/36">
            <scope-for scope-ref="global0" target-entity-id="global">
              <attribute attr-id="b5@Properties_Properties_xsrc" />
            </scope-for>
          </marker>
        </condition>
      </row>
      <row>
        <identity>
          <marker id="Rules_D1049248_doc/2/37" condition="false">
            <string-value>Manufacturing and Standard Work Instructions</string-value>
          </marker>
        </identity>
        <condition>
          <marker id="Rules_D1049248_doc/2/38">
            <scope-for scope-ref="global0" target-entity-id="global">
              <attribute attr-id="b5@Properties_Properties_xsrc" />
            </scope-for>
          </marker>
        </condition>
      </row>
      <row>
        <identity>
          <marker id="Rules_D1049248_doc/2/39" condition="false">
            <string-value>Shroud and Shroud Support Design Practices</string-value>
          </marker>
        </identity>
        <condition>
          <marker id="Rules_D1049248_doc/2/40">
            <scope-for scope-ref="global0" target-entity-id="global">
              <attribute attr-id="b5@Properties_Properties_xsrc" />
            </scope-for>
          </marker>
        </condition>
      </row>
      <row>
        <identity>
          <marker id="Rules_D1049248_doc/2/41" condition="false">
            <string-value>Design Record Books</string-value>
          </marker>
        </identity>
        <condition>
          <marker id="Rules_D1049248_doc/2/42">
            <scope-for scope-ref="global0" target-entity-id="global">
              <attribute attr-id="b5@Properties_Properties_xsrc" />
            </scope-for>
          </marker>
        </condition>
      </row>
      <row>
        <identity>
          <marker id="Rules_D1049248_doc/2/43" condition="false">
            <string-value>Field data and departure record history</string-value>
          </marker>
        </identity>
        <condition>
          <marker id="Rules_D1049248_doc/2/44">
            <scope-for scope-ref="global0" target-entity-id="global">
              <attribute attr-id="b5@Properties_Properties_xsrc" />
            </scope-for>
          </marker>
        </condition>
      </row>
    </table-conclude-instance>
    <table-conclude attr-id="b5@Properties_Properties_xsrc" entity-id="global" scope-id="global0">
      <row>
        <value>
          <marker id="Rules_EngineLinetoLicenseCode_xls/1/1" condition="false">
            <true-value />
          </marker>
        </value>
        <condition>
          <marker id="Rules_EngineLinetoLicenseCode_xls/1/2">
            <equals>
              <attribute attr-id="ENGINE_LINE" />
              <string-value>CF6</string-value>
            </equals>
          </marker>
        </condition>
      </row>
      <row>
        <value>
          <marker id="Rules_EngineLinetoLicenseCode_xls/1/3" condition="false">
            <true-value />
          </marker>
        </value>
        <condition>
          <marker id="Rules_EngineLinetoLicenseCode_xls/1/4">
            <equals>
              <attribute attr-id="ENGINE_LINE" />
              <string-value>LM500</string-value>
            </equals>
          </marker>
        </condition>
      </row>
      <row>
        <value>
          <marker id="Rules_EngineLinetoLicenseCode_xls/1/5" condition="false">
            <true-value />
          </marker>
        </value>
        <condition>
          <marker id="Rules_EngineLinetoLicenseCode_xls/1/6">
            <equals>
              <attribute attr-id="ENGINE_LINE" />
              <string-value>LM6000</string-value>
            </equals>
          </marker>
        </condition>
      </row>
      <row>
        <value>
          <marker id="Rules_EngineLinetoLicenseCode_xls/1/7" condition="false">
            <true-value />
          </marker>
        </value>
        <condition>
          <marker id="Rules_EngineLinetoLicenseCode_xls/1/8">
            <equals>
              <attribute attr-id="ENGINE_LINE" />
              <string-value>LM2500</string-value>
            </equals>
          </marker>
        </condition>
      </row>
      <row>
        <value>
          <marker id="Rules_EngineLinetoLicenseCode_xls/1/9" condition="false">
            <true-value />
          </marker>
        </value>
        <condition>
          <marker id="Rules_EngineLinetoLicenseCode_xls/1/10">
            <equals>
              <attribute attr-id="ENGINE_LINE" />
              <string-value>LMS100</string-value>
            </equals>
          </marker>
        </condition>
      </row>
      <row>
        <value>
          <marker id="Rules_EngineLinetoLicenseCode_xls/1/11" condition="false">
            <true-value />
          </marker>
        </value>
        <condition>
          <marker id="Rules_EngineLinetoLicenseCode_xls/1/12">
            <equals>
              <attribute attr-id="ENGINE_LINE" />
              <string-value>LM9000</string-value>
            </equals>
          </marker>
        </condition>
      </row>
      <row>
        <value>
          <marker id="Rules_EngineLinetoLicenseCode_xls/1/13" condition="false">
            <true-value />
          </marker>
        </value>
        <condition>
          <marker id="Rules_EngineLinetoLicenseCode_xls/1/14">
            <equals>
              <attribute attr-id="ENGINE_LINE" />
              <string-value>LM5000</string-value>
            </equals>
          </marker>
        </condition>
      </row>
      <row>
        <value>
          <marker id="Rules_EngineLinetoLicenseCode_xls/1/15" condition="false">
            <true-value />
          </marker>
        </value>
        <condition>
          <marker id="Rules_EngineLinetoLicenseCode_xls/1/16">
            <equals>
              <attribute attr-id="ENGINE_LINE" />
              <string-value>CF34</string-value>
            </equals>
          </marker>
        </condition>
      </row>
      <otherwise>
        <marker id="Rules_EngineLinetoLicenseCode_xls/1/17" condition="false">
          <false-value />
        </marker>
      </otherwise>
    </table-conclude>
  </rules>
</rulebase>